[{"term":"Acceleration","url":"phonegap_accelerometer_accelerometer.md.html"},{"term":"Accelerometer","url":"phonegap_accelerometer_accelerometer.md.html"},{"term":"accelerometer.clearWatch","url":"phonegap_accelerometer_accelerometer.md.html"},{"term":"accelerometer.getCurrentAcceleration","url":"phonegap_accelerometer_accelerometer.md.html"},{"term":"accelerometer.watchAcceleration","url":"phonegap_accelerometer_accelerometer.md.html"},{"term":"accelerometerError","url":"phonegap_accelerometer_accelerometer.md.html"},{"term":"accelerometerOptions","url":"phonegap_accelerometer_accelerometer.md.html"},{"term":"accelerometerSuccess","url":"phonegap_accelerometer_accelerometer.md.html"},{"term":"API Reference","url":"index.md.html"},{"term":"backbutton","url":"phonegap_events_events.md.html"},{"term":"Camera","url":"phonegap_camera_camera.md.html"},{"term":"camera.getPicture","url":"phonegap_camera_camera.md.html"},{"term":"cameraError","url":"phonegap_camera_camera.md.html"},{"term":"cameraOptions","url":"phonegap_camera_camera.md.html"},{"term":"cameraSuccess","url":"phonegap_camera_camera.md.html"},{"term":"Capture","url":"phonegap_media_capture_capture.md.html"},{"term":"capture.captureAudio","url":"phonegap_media_capture_capture.md.html"},{"term":"capture.captureImage","url":"phonegap_media_capture_capture.md.html"},{"term":"capture.captureVideo","url":"phonegap_media_capture_capture.md.html"},{"term":"CaptureAudioOptions","url":"phonegap_media_capture_capture.md.html"},{"term":"CaptureCB","url":"phonegap_media_capture_capture.md.html"},{"term":"CaptureError","url":"phonegap_media_capture_CaptureError.md.html"},{"term":"CaptureErrorCB","url":"phonegap_media_capture_capture.md.html"},{"term":"CaptureImageOptions","url":"phonegap_media_capture_capture.md.html"},{"term":"CaptureVideoOptions","url":"phonegap_media_capture_capture.md.html"},{"term":"Compass","url":"phonegap_compass_compass.md.html"},{"term":"compass.clearWatch","url":"phonegap_compass_compass.md.html"},{"term":"compass.getCurrentHeading","url":"phonegap_compass_compass.md.html"},{"term":"compass.watchHeading","url":"phonegap_compass_compass.md.html"},{"term":"compassError","url":"phonegap_compass_compass.md.html"},{"term":"compassOptions","url":"phonegap_compass_compass.md.html"},{"term":"compassSuccess","url":"phonegap_compass_compass.md.html"},{"term":"ConfigurationData","url":"phonegap_media_capture_capture.md.html"},{"term":"Connection","url":"phonegap_connection_connection.md.html"},{"term":"connection.type","url":"phonegap_connection_connection.md.html"},{"term":"Contact","url":"phonegap_contacts_contacts.md.html"},{"term":"ContactAddress","url":"phonegap_contacts_contacts.md.html"},{"term":"contactError","url":"phonegap_contacts_contacts.md.html"},{"term":"ContactError","url":"phonegap_contacts_contacts.md.html"},{"term":"ContactField","url":"phonegap_contacts_contacts.md.html"},{"term":"contactFields","url":"phonegap_contacts_contacts.md.html"},{"term":"contactFindOptions","url":"phonegap_contacts_contacts.md.html"},{"term":"ContactFindOptions","url":"phonegap_contacts_contacts.md.html"},{"term":"ContactName","url":"phonegap_contacts_contacts.md.html"},{"term":"ContactOrganization","url":"phonegap_contacts_contacts.md.html"},{"term":"Contacts","url":"phonegap_contacts_contacts.md.html"},{"term":"contacts.create","url":"phonegap_contacts_contacts.md.html"},{"term":"contacts.find","url":"phonegap_contacts_contacts.md.html"},{"term":"contactSuccess","url":"phonegap_contacts_contacts.md.html"},{"term":"Coordinates","url":"phonegap_geolocation_geolocation.md.html"},{"term":"Database","url":"phonegap_storage_storage.md.html"},{"term":"Device","url":"phonegap_device_device.md.html"},{"term":"device.name","url":"phonegap_device_device.md.html"},{"term":"device.phonegap","url":"phonegap_device_device.md.html"},{"term":"device.platform","url":"phonegap_device_device.md.html"},{"term":"device.uuid","url":"phonegap_device_device.md.html"},{"term":"device.version","url":"phonegap_device_device.md.html"},{"term":"deviceready","url":"phonegap_events_events.md.html"},{"term":"DirectoryEntry","url":"phonegap_file_file.md.html"},{"term":"DirectoryReader","url":"phonegap_file_file.md.html"},{"term":"display_name","url":"phonegap_storage_storage.md.html"},{"term":"Events","url":"phonegap_events_events.md.html"},{"term":"File","url":"phonegap_file_file.md.html"},{"term":"FileEntry","url":"phonegap_file_file.md.html"},{"term":"FileError","url":"phonegap_file_file.md.html"},{"term":"FileReader","url":"phonegap_file_file.md.html"},{"term":"FileSystem","url":"phonegap_file_file.md.html"},{"term":"FileTransfer","url":"phonegap_file_file.md.html"},{"term":"FileTransferError","url":"phonegap_file_file.md.html"},{"term":"FileUploadOptions","url":"phonegap_file_file.md.html"},{"term":"FileUploadResult","url":"phonegap_file_file.md.html"},{"term":"FileWriter","url":"phonegap_file_file.md.html"},{"term":"Flags","url":"phonegap_file_file.md.html"},{"term":"Geolocation","url":"phonegap_geolocation_geolocation.md.html"},{"term":"geolocation.clearWatch","url":"phonegap_geolocation_geolocation.md.html"},{"term":"geolocation.getCurrentPosition","url":"phonegap_geolocation_geolocation.md.html"},{"term":"geolocation.watchPosition","url":"phonegap_geolocation_geolocation.md.html"},{"term":"geolocationError","url":"phonegap_geolocation_geolocation.md.html"},{"term":"geolocationOptions","url":"phonegap_geolocation_geolocation.md.html"},{"term":"geolocationSuccess","url":"phonegap_geolocation_geolocation.md.html"},{"term":"Guides","url":"index.md.html"},{"term":"LocalFileSystem","url":"phonegap_file_file.md.html"},{"term":"localStorage","url":"phonegap_storage_storage.md.html"},{"term":"Media","url":"phonegap_media_media.md.html"},{"term":"media.getCurrentPosition","url":"phonegap_media_media.md.html"},{"term":"media.getDuration","url":"phonegap_media_media.md.html"},{"term":"media.pause","url":"phonegap_media_media.md.html"},{"term":"media.play","url":"phonegap_media_media.md.html"},{"term":"media.release","url":"phonegap_media_media.md.html"},{"term":"media.startRecord","url":"phonegap_media_media.md.html"},{"term":"media.stop","url":"phonegap_media_media.md.html"},{"term":"media.stopRecord","url":"phonegap_media_media.md.html"},{"term":"mediaError","url":"phonegap_media_media.md.html"},{"term":"MediaError","url":"phonegap_media_media.md.html"},{"term":"MediaFile","url":"phonegap_media_capture_capture.md.html"},{"term":"MediaFile.getFormatData","url":"phonegap_media_capture_capture.md.html"},{"term":"MediaFileData","url":"phonegap_media_capture_capture.md.html"},{"term":"menubutton","url":"phonegap_events_events.md.html"},{"term":"Metadata","url":"phonegap_file_file.md.html"},{"term":"name","url":"phonegap_storage_storage.md.html"},{"term":"Notification","url":"phonegap_notification_notification.md.html"},{"term":"notification.alert","url":"phonegap_notification_notification.md.html"},{"term":"notification.beep","url":"phonegap_notification_notification.md.html"},{"term":"notification.confirm","url":"phonegap_notification_notification.md.html"},{"term":"notification.vibrate","url":"phonegap_notification_notification.md.html"},{"term":"offline","url":"phonegap_events_events.md.html"},{"term":"online","url":"phonegap_events_events.md.html"},{"term":"openDatabase","url":"phonegap_storage_storage.md.html"},{"term":"pause","url":"phonegap_events_events.md.html"},{"term":"Position","url":"phonegap_geolocation_geolocation.md.html"},{"term":"PositionError","url":"phonegap_geolocation_geolocation.md.html"},{"term":"resume","url":"phonegap_events_events.md.html"},{"term":"searchbutton","url":"phonegap_events_events.md.html"},{"term":"size","url":"phonegap_storage_storage.md.html"},{"term":"SQLError","url":"phonegap_storage_storage.md.html"},{"term":"SQLResultSet","url":"phonegap_storage_storage.md.html"},{"term":"SQLResultSetList","url":"phonegap_storage_storage.md.html"},{"term":"SQLTransaction","url":"phonegap_storage_storage.md.html"},{"term":"Storage","url":"phonegap_storage_storage.md.html"},{"term":"version","url":"phonegap_storage_storage.md.html"}]